Ativo,Peso (%)
VALE3.SA,10.0
PETR4.SA,10.000000000000004
ITUB4.SA,19.999999999999996
PGCO34.SA,30.0
AAPL34.SA,20.0
AMZO34.SA,10.000000000000002
